category,subtopic
,
WAKTU PERTANYAAN-PERTANYAAN MENTERI,
WAKTU PERTANYAAN-PERTANYAAN MENTERI,1
WAKTU PERTANYAAN-PERTANYAAN MENTERI,2.
WAKTU PERTANYAAN-PERTANYAAN MENTERI,3.
PERTANYAAN-PERTANYAAN BAGI JAWAB LISAN,
PERTANYAAN-PERTANYAAN BAGI JAWAB LISAN,1
PERTANYAAN-PERTANYAAN BAGI JAWAB LISAN,2
PERTANYAAN-PERTANYAAN BAGI JAWAB LISAN,3
PERTANYAAN-PERTANYAAN BAGI JAWAB LISAN,4.
PERTANYAAN-PERTANYAAN BAGI JAWAB LISAN,5
PERTANYAAN-PERTANYAAN BAGI JAWAB LISAN,6
PERTANYAAN-PERTANYAAN BAGI JAWAB LISAN,7.
PERTANYAAN-PERTANYAAN BAGI JAWAB LISAN,8
PERTANYAAN-PERTANYAAN BAGI JAWAB LISAN,9
PERTANYAAN-PERTANYAAN BAGI JAWAB LISAN,10
PERTANYAAN-PERTANYAAN BAGI JAWAB LISAN,11
RANG UNDANG-UNDANG,RANG UNDANG-UNDANG PERBEKALAN 2023 Bacaan Kali Yang Kedua DAN USUL ANGGARAN PEMBANGUNAN 2023
